{
    "loss": 61.84109115600586,
    "accuracy": 0.8743718862533569
}