{
    "loss": 130.5312042236328,
    "accuracy": 0.7788944840431213
}